,id,text,label
0,1,ور بی تو بامداد کنم روز محشر است,saadi
1,2,ساقی بیار جامی کز زهد توبه کردم,hafez
2,3,مرا هرآینه خاموش بودن اولی‌تر,saadi
3,4,تو ندانی که چرا در تو کسی خیره بماند,saadi
4,5,کاینان به دل ربودن مردم معینند,saadi
5,6,جان باختن آسان است اندر نظرت لیکن,saadi
6,7,گر خاک پای دوست خداوند شوق را,saadi
7,8,بی تو در دامن گلزار نخفتم یک شب,saadi
8,9,پرده بردار که هوش از تن عاقل برود,saadi
9,10,چرا نه در پی عزم دیار خود باشم,hafez
10,11,که زندگانی او در هلاک بودن اوست,saadi
11,12,که نه هر کو ورقی خواند معانی دانست,hafez
12,13,زلف آشفته و خوی کرده و خندان لب و مست,hafez
13,14,نسیم موی تو پیوند جان آگه ماست,hafez
14,15,من همان روز که روی تو بدیدم گفتم,saadi
15,16,اری اسامر لیلای لیله القمر,hafez
16,17,تو وفا گر کنی و گر نکنی,saadi
17,18,سودا مپز که آتش غم در دل تو نیست,saadi
18,19, سخت زیبا می‌روی یک بارگی,saadi
19,20,اگر چه رسم خوبان تندخوییست,saadi
20,21,کز حدیث من و حسن تو خبر می‌نرود,saadi
21,22,ای پسر جام می‌ام ده که به پیری برسی,hafez
22,23,بیا و گر همه دشنام می‌دهی شاید,saadi
23,24,من ترک وصال تو نگویم,saadi
24,25,نفسی بیا و بنشین سخنی بگوی و بشنو,saadi
25,26,سنگسان شو در قدم نی همچو آب,hafez
26,27,سر تا قدم وجود حافظ,hafez
27,28,گفتم ای غافل نبینی کوه با چندین وقار,saadi
28,29,راه ز پیش و دل ز پس واقعه‌ایست مشکلم,saadi
29,30,من تنک پوست نگفتم تو چنین سخت کمانی,saadi
30,31,غرقه حالی دست و پایی می‌زند,saadi
31,32,که هر که با تو به خلوت بود نه تنهاییست,saadi
32,33,من به خیال زاهدی گوشه‌نشین و طرفه آنک,saadi
33,34,سعدیا تسلیم فرمان شو که نیست,saadi
34,35,زانجا که پرده پوشی عفو کریم توست,hafez
35,36,در انتظار رویت ما و امیدواری,saadi
36,37,با محتسبم عیب مگویید که او نیز,saadi
37,38,جام مینایی می سد ره تنگ دلیست,hafez
38,39,زخم شمشیر غمت را ننهم مرهم کس,saadi
39,40,خطاست این که دل دوستان بیازاری,saadi
40,41,لیکن مجال گفت نباشد تو در سخن,saadi
41,42,کآیینه‌ایست جام جهان بین که آه از او,hafez
42,43,خود نبود و گر بود تا به قیامت آزری,saadi
43,44,دانند که در خرمن من بیشتر افتاد,saadi
44,45,جان از تو عزیزتر نباشد,saadi
45,46,هر دل که ز عشق توست خالی,hafez
46,47,گفت آن روز که این گنبد مینا می‌کرد,hafez
47,48,نزدی شاه رخ و فوت شد امکان حافظ,hafez
48,49,به یاد شخص نزارم که غرق خون دل است,hafez
49,50,بده ساقی می باقی که در جنت نخواهی یافت,hafez
50,51,تا به تماشای باغ میل چرا می‌کند,saadi
51,52,گفتم که نوش لعلت ما را به آرزو کشت,saadi
52,53,هر گلی بلبلی غزل خوان داشت,hafez
53,54,رهروی باید جهان سوزی نه خامی بی‌غمی,saadi
54,55, کس این کند که دل از یار خویش بردارد,saadi
55,56,میان این همه خواهندگان به من چه رسد,saadi
56,57,غرض ز مسجد و میخانه‌ام وصال شماست,hafez
57,58,یا شنیدی که در وجود آمد,saadi
58,59,بگذر از نام و ننگ خود حافظ,hafez
59,60,که همه عمر نه مشتاق لقای تو بود,saadi
60,61,گل ز حد برد تنعم نفسی رخ بنما,hafez
61,62,دیدار تو حل مشکلات است,saadi
62,63,به عشوه هم پیامی بر سر بیمار می‌آورد,hafez
63,64,وه که گر من بازبینم روی یار خویش را,saadi
64,65,وز لوح سینه نقشت هرگز نگشت زایل,hafez
65,66,تیری که زدی بر دلم از غمزه خطا رفت,hafez
66,67,عاقلان نقطه پرگار وجودند ولی,hafez
67,68,سرزنشها گر کند خار مغیلان غم مخور,saadi
68,69,اشتر که اختیارش در دست خود نباشد,saadi
69,70,آن جا که کار صومعه را جلوه می‌دهند,hafez
70,71,مجال من همین باشد که پنهان عشق او ورزم,saadi
71,72,گفته بودم که دل به کس ندهم,saadi
72,73,مگر کسی ز توام مژده‌ای فرازآرد,saadi
73,74, دوش از جناب آصف پیک بشارت آمد,hafez
74,75,نماز شام غریبان چو گریه آغازم,hafez
75,76,خار ار چه جان بکاهد گل عذر آن بخواهد,saadi
76,77,دیدم امروز بر زمین قمری,saadi
77,78,بدان هوس که به مستی ببوسم آن لب لعل,hafez
78,79,کآخر نداند بیش از این یا می‌کشد یا می‌برد,saadi
79,80,از لبش بوسی گدایی می‌کند,hafez
80,81,تو دم فقر ندانی زدن از دست مده,hafez
81,82,چو آتشیت نباشد چگونه برجوشی,saadi
82,83,که قیامت رسد این رشته به هم یا نرسد,saadi
83,84,پیرهن چاک و غزل خوان و صراحی در دست,hafez
84,85,تحمل می‌کنم با زخم چون مرهم نمی‌بینم,saadi
85,86,و از رشک چشم نرگس رعنا به خواب کن,hafez
86,87,سعدی به دام عشق تو در پای بند ماند,saadi
87,88,طاووس عرش می‌شنود صیت شهپرم,hafez
88,89,به جان و سر که نگردانم از وصال تو روی,saadi
89,90,گر تو با ما خوش درآیی ما از آن آسوده‌ایم,saadi
90,91,دوستان را قبای فتح دهیم,hafez
91,92,جامم به دست باشد و زلف نگار هم,hafez
92,93, عهد کردیم که بی دوست به صحرا نرویم,saadi
93,94,چنان ببست که ره نیست زیر دیر مغاک,hafez
94,95,جای تصور نماند دیگرم اندر ضمیر,saadi
95,96,گر می به جان دهندت بستان که پیش دانا,saadi
96,97,در این جهان ز برای دل رهی آورد,hafez
97,98,شکایت پیش از این حالت به نزدیکان و غمخواران,saadi
98,99,آیینه‌ای ندارم از آن آه می‌کشم,saadi
99,100,من درخور تو چه تحفه آرم,saadi
100,101,تا پیشترت بوسه دهم دست و کمان را,saadi
101,102,دلق و سجاده ناموس به میخانه فرست,hafez
102,103,شاخکی تازه برآورد صبا بر لب جوی,hafez
103,104,طالب چشمه خورشید درخشان نشود,hafez
104,105,تو می‌باید که باشی ور نه سهل است,saadi
105,106,انصاف شاه باد در این قصه یاورم,hafez
106,107,دوشم آن سنگ دل پریشان داشت,saadi
107,108,کو راهروی اهل دلی پاک سرشتی,hafez
108,109,گوییا باور نمی‌دارند روز داوری,saadi
109,110,ورم ز دست ملامت به جان بگردانی,saadi
110,111, من چون تو به دلبری ندیدم,saadi
111,112,خوش حلقه‌ایست لیک به در نیست راه از او,hafez
112,113,خلوت گزیده را به تماشا چه حاجت است,saadi
113,114,ای سخت کمان سست پیمان,saadi
114,115,جگر چون نافه‌ام خون گشت کم زینم نمی‌باید,hafez
115,116,کلک تو خوش نویسد در شان یار و اغیار,hafez
116,117,ضرورت است که گوید به سرو ماند راست,saadi
117,118,سایه دولت بر این کنج خراب انداختی,hafez
118,119,اگر آن طایر قدسی ز درم بازآید,hafez
119,120,ترک عاشق کش من مست برون رفت امروز,hafez
120,121,بباختم دل دیوانه و ندانستم,saadi
121,122, مژده وصل تو کو کز سر جان برخیزم,hafez
122,123,نهاده‌ایم مگر او به تیغ بردارد,saadi
123,124,ما سر اینک نهاده‌ایم به طوع,saadi
124,125,همی‌برند به عالم چو نافه ختنی,hafez
125,126,هر چه گفتیم در اوصاف کمالیت او,saadi
126,127,کس ندانم که به جان در طلبش پویان نیست,saadi
127,128, دوست می‌دارم من این نالیدن دلسوز را,saadi
128,129,آن که در دامنش آویخته باشد خاری,saadi
129,130,عاجز بماند در تو زبان فصاحتش,saadi
130,131, آمد گه آن که بوی گلزار,saadi
131,132,به دوستی که غلط می‌برد گمان ای دوست,saadi
132,133,نمی‌دانم رطب را چاشنی چیست,saadi
133,134,هرگزم نقش تو از لوح دل و جان نرود,hafez
134,135,مژدگانی بده ای نفس که سختی بگذشت,saadi
135,136,که نه خاطر تماشا نه هوای باغ دارد,saadi
136,137,تو را خود یک زمان با ما سر صحرا نمی‌باشد,saadi
137,138,یا رب هلاک من مکن الا به دست دوست,saadi
138,139,یا به خضاب و سرمه‌ای یا به عبیر و عنبری,saadi
139,140,دیدار خوبان اختیار از دست دانا می‌برد,saadi
140,141,ابروش کمان قتل عاشق,saadi
141,142,مرا گر دوستی با او به دوزخ می‌برد شاید,saadi
142,143,زمانه از ورق گل مثال روی تو بست,hafez
143,144,مرو به خواب که حافظ به بارگاه قبول,hafez
144,145,در میان پختگان عشق او خامم هنوز,saadi
145,146,پیکی ندوانید و سلامی نفرستاد,hafez
146,147,عبیرآمیز می‌آید شمالش,saadi
147,148,همای اوج سعادت به دام ما افتد,hafez
148,149, ای مرهم ریش و مونس جانم,saadi
149,150,به دست جور و جفا گوشمال داده بسی,saadi
150,151,دلم ز نرگس ساقی امان نخواست به جان,hafez
151,152,غم دل با تو نگویم که ندانی دردم,saadi
152,153,عشقت رسد به فریاد ار خود به سان حافظ,hafez
153,154,که التفات بود بر جهان و بر جانش,saadi
154,155,به گدایی ز در میکده زادی طلبیم,hafez
155,156, گر کسی سرو شنیدست که رفتست اینست,saadi
156,157,از شمع بپرسید که در سوز و گداز است,hafez
157,158,سری دارم مهیا بر کف دست,saadi
158,159,به تیغ می‌زد و می‌رفت و باز می‌نگریست,saadi
159,160,و گر در رنج سعدی راحت توست,saadi
160,161,امشب نظر به روی تو از خواب خوشترست,saadi
161,162,هش دار که گر وسوسه عقل کنی گوش,saadi
162,163,نمودی چند بار از خود که حافظ عهد و پیمانم,hafez
163,164,نسبت دوست به هر بی سر و پا نتوان کرد,saadi
164,165,بر در میکده می کن گذری بهتر از این,hafez
165,166,چندی به پای رفتم و چندی به سر شدم,saadi
166,167,چشم مخمور تو دارد ز دلم قصد جگر,hafez
167,168,هزار بار بگفتم که چشم نگشایم,saadi
168,169,گر مرا عشقت به سختی کشت سهل است این قدر,saadi
169,170,حافظ ار در گوشه محراب می‌نالد رواست,hafez
170,171,نشانی زان پری تا در خیال است,hafez
171,172,در وفای عشق تو مشهور خوبانم چو شمع,hafez
172,173, ای روی ماه منظر تو نوبهار حسن,saadi
173,174,تا چند باشیم از بی نصیبان,saadi
174,175,کجا روم که دلم پای بند مهر کسیست,saadi
175,176,که تا قیامت از این آستان بگردانی,saadi
176,177,چرا که وعده تو کردی و او به جا آورد,saadi
177,178,شکر ایزد که ز تاراج خزان رخنه نیافت,hafez
178,179,غزل گفتی و در سفتی بیا و خوش بخوان حافظ,hafez
179,180,زهی خجالت مردم چرا به سر ندویدم,saadi
180,181,سعدی چو گرفتار شدی تن به قضا ده,saadi
181,182,صبا تو نکهت آن زلف مشک بو داری,hafez
182,183,خدا را ای رقیب امشب زمانی دیده بر هم نه,hafez
183,184,وجود مرده از آن آب جانور می‌گشت,saadi
184,185,دیوانه شده دوان به هر سوی,saadi
185,186,کز وی هزار سوز مرا در جگر فتاد,saadi
186,187,روزی چو پادشاهان خواهم که برنشینی,saadi
187,188,وز جانب او عزیزتر نیست,saadi
188,189,گفتی که چون من در زمی دیگر نباشد آدمی,saadi
189,190, حدیث یا شکرست آن که در دهان داری,saadi
190,191,ز توبه خانه تنهایی آمدم بر بام,saadi
191,192,همه کس را نتوان گفت که بینایی هست,saadi
192,193,بنده وارت به سلام آیم و خدمت بکنم,saadi
193,194,دیدار دوستان که ببینند مرهمست,saadi
194,195,نازنین‌تر ز قدت در چمن ناز نرست,hafez
195,196,ما به یک شربت چنین بیخود شدیم,saadi
196,197,غم دنیای دنی چند خوری باده بخور,hafez
197,198,حافظ ار جان طلبد غمزه مستانه یار,hafez
198,199,گر جان طلبی فدای جانت,saadi
199,200,من دست نخواهم برد الا به سر زلفت,saadi
200,201, درخت دوستی بنشان که کام دل به بار آرد,saadi
201,202,رها کن راه بدعهدی و اندر عهد ایشان آی,saadi
202,203,سرو ندیدم بدین صفت متمایل,saadi
203,204,گوش بر ناله مطرب کن و بلبل بگذار,saadi
204,205,باور از بخت ندارم که تو مهمان منی,saadi
205,206,کیمخت خارپشت ز سنجاب خوشترست,saadi
206,207,هم آتشی زده‌ای تا نفیر می‌آید,saadi
207,208,آرزومند کعبه را شرط است,saadi
208,209,مرا تو بر سر آتش نشانده‌ای عجب آنک,saadi
209,210,عجب می‌دارم از هامون که چون دریا نمی‌باشد,saadi
210,211,زشت نتوان گفت زیبا می‌کند,saadi
211,212,خجسته روز کسی کز درش تو بازآیی,saadi
212,213,رویی نتوان گفت که حسنش به چه ماند,saadi
213,214,ز مروارید گوشم در جهان به,hafez
214,215,دگر ز منزل جانان سفر مکن درویش,hafez
215,216,گیرند مردم دوستان نامهربان و مهربان,saadi
216,217,به بوی او دل بیمار عاشقان چو صبا,hafez
217,218,سرمست بتی لطیف ساده,saadi
218,219,در شب هجران مرا پروانه وصلی فرست,saadi
219,220,ببین که تا به چه حدم همی‌کند تحمیق,hafez
220,221,وین برکشیده گنبد نیلی حصار هم,hafez
221,222,حافظ آن ساعت که این نظم پریشان می‌نوشت,hafez
222,223,از آن طرف نپذیرد کمال او نقصان,saadi
223,224,نه آن چنان به تو مشغولم ای بهشتی رو,saadi
224,225,نه یاری سست پیمان است سعدی,saadi
225,226,تو چنان در دل من رفته که جان در بدنی,saadi
226,227,شب بر آنم که مگر روز نخواهد بودن,saadi
227,228,به کسی نگر که ظلمت بزداید از وجودت,saadi
228,229,زاهد از کوچه رندان به سلامت بگذر,hafez
229,230,چو بت به کعبه نگونسار بر زمین افتد,saadi
230,231,به ضرورت جفای او ببریم,saadi
231,232,نظری به لشکری کن که هزار خون بریزی,saadi
232,233,این یک دو دم که مهلت دیدار ممکن است,saadi
233,234,برسانش ز من ای پیک صبا پیغامی,hafez
234,235,روزی به نماز دیگر آورد,saadi
235,236,می‌ای دارم چو جان صافی و صوفی می‌کند عیبش,saadi
236,237,گر دست رسد در سر زلفین تو بازم,saadi
237,238,که گفته است که صد دل به غمزه‌ای ببری,saadi
238,239,ای خضر حلالت نکنم چشمهٔ حیوان,saadi
239,240,به بال و پر مرو از ره که تیر پرتابی,hafez
240,241,ابروی یار در نظر و خرقه سوخته,hafez
241,242,کنون امید بخشایش همی‌دارم که مسکینم,saadi
242,243,آه من باد به گوش تو رساند هرگز,saadi
243,244,درویش را نباشد برگ سرای سلطان,saadi
244,245,ای دل به کوی عشق گذاری نمی‌کنی,hafez
245,246,کاین همه شور در جهان انداخت,saadi
246,247,حافظ نه حد ماست چنین لاف‌ها زدن,hafez
247,248,چون روی تو دلفریب و دلبند,saadi
248,249,که دیر مست شود هر که می خورد به دوام,hafez
249,250,که سحرگه شکفتنم هوس است,hafez
250,251,وان که این مجلس نجوید زندگی بر وی حرام,hafez
251,252,شادی مجلسیان در قدم و مقدم توست,hafez
252,253,که دل به غمزه خوبان مده که سنگ و سبوست,saadi
253,254,دیدار در حجاب و معانی برابر است,saadi
254,255,چرا و چون نرسد بندگان مخلص را,saadi
255,256,ای برادر که حال ما دگر است,saadi
256,257,دلیل روی تو هم روی توست سعدی را,saadi
257,258,می بهشت ننوشم ز دست ساقی رضوان,hafez
258,259,روشنت گردد این حدیث چو روز,saadi
259,260,چو بر در تو من بینوای بی زر و زور,saadi
260,261,به جان دوست که در اعتقاد سعدی نیست,saadi
261,262,در مذهب طریقت خامی نشان کفر است,hafez
262,263,که نام قند مصری برد آنجا,hafez
263,264,غم و اندیشه در آن دایره هرگز نرود,saadi
264,265,دور فلکی یک سره بر منهج عدل است,hafez
265,266,با طینت اصلی چه کند بدگهر افتاد,hafez
266,267, شب عاشقان بی‌دل چه شبی دراز باشد,saadi
267,268,تا ظن برم که روی تو ماه است یا پری,saadi
268,269,مطربا پرده بگردان و بزن راه عراق,hafez
269,270,از گفته کمال دلیلی بیاورم,saadi
270,271,شکر خدا که هر چه طلب کردم از خدا,hafez
271,272, خوشا دلی که مدام از پی نظر نرود,hafez
272,273,ور به میدان می‌روی از تیرباران برمگرد,saadi
273,274,دست گیر این پنج روزم در حیات,saadi
274,275, رفتی و نمی‌شوی فراموش,saadi
275,276,باشد که غلام خویشتن خوانی,saadi
276,277,دیده به سوی دیگری دارم و دل به سوی او,saadi
277,278,گر چه ماه رمضان است بیاور جامی,hafez
278,279,زلف سنبل به نسیم سحری می‌آشفت,hafez
279,280,گر بهاری باز باشد لیس بعد الورد برد,saadi
280,281,موضع ناز است و غرور ای صنم,saadi
281,282,جفای پرده درانم تفاوتی نکند,saadi
282,283,آفتاب از منظر افتد در رواق,hafez
283,284,تو ز ما فارغ و ما از تو پریشان تا چند,saadi
284,285,من این طمع نکنم کز تو کام برگیرم,saadi
285,286,ساقی بده آن کوزهٔ خمخانه به درویش,hafez
286,287,چشم و ابروی تو زیبا قد و بالای تو خوش,saadi
287,288,رنج‌هایی کشیده‌ام که مپرس,hafez
288,289,تو آهو چشم نگذاری مرا از دست تا آن گه,saadi
289,290,کمند سعدی اگر شیر شرزه صید کند,saadi
290,291,زین بیشتر بباید بر هجرت احتمالی,saadi
291,292,این باد بهار بوستان است,saadi
292,293,گوییا بر من از بهشت خدای,saadi
293,294,نبود چنگ و رباب و نبید و عود که بود,hafez
294,295,امسال کار من بتر از پار بنگرید,saadi
295,296,هر پاره از دل من و از غصه قصه‌ای,hafez
296,297,دگر به گوش فراموش عهد سنگین دل,saadi
297,298,نفسی تزول عاقبة الامر فی الهوی,saadi
298,299,برگ نوا تبه شد و ساز طرب نماند,hafez
299,300,بیا ای دوست ور دشمن ببیند,saadi
300,301,مگر به روی دلارای یار ما ور نی,saadi
301,302,دلبر از ما به صد امید ستد اول دل,hafez
302,303,من اگر هزار خدمت بکنم گناهکارم,saadi
303,304,گر همه عمر نداده‌ست کسی دل به خیال,saadi
304,305,تاب وغا نیاورد قوت هیچ صفدری,saadi
305,306,آواز سؤال حیرت آمد,hafez
306,307,آفت دور سمایی می‌کند,saadi
307,308,چه حاجت است بگوید شکر که شیرینم,hafez
308,309,تو را رسد که غلامان ماه رو داری,saadi
309,310,گفتم ز لعل نوش لبان پیر را چه سود,hafez
310,311,نهادم عقل را ره توشه از می,hafez
311,312,فقیر از رقص در حالت خطیب از می خرابستی,hafez
312,313,در غم افزوده‌ام آنچ از دل و جان کاسته‌ام,saadi
313,314,بیچاره در هلاک تن خویشتن عجول,saadi
314,315,محبت بر محبت می‌فزایی,saadi
315,316,نخوت باد دی و شوکت خار آخر شد,hafez
316,317,چندین که برشمردم از ماجرای عشقت,saadi
317,318,دوش دور از رویت ای جان جانم از غم تاب داشت,hafez
318,319,گنج زر گر نبود کنج قناعت باقیست,hafez
319,320,سر مکش تا نکشد سر به فلک فریادم,hafez
320,321,که دوستی و ارادت هزار چندان است,saadi
321,322,قیاس کن که دلم را چه تیر عشق رسید,saadi
322,323,که رستگاری جاوید در کم آزاریست,saadi
323,324,همای زلف شاهین شهپرت را,hafez
324,325,سر گیسوی تو در هیچ سری نیست که نیست,hafez
325,326,خون شد دل من ندیده کامی,saadi
326,327,خواب می‌گیرد و شهری ز غمت بیدارند,saadi
327,328,برقع فروهلد به جمال آفتاب را,saadi
328,329,سخت کمان چه غم خورد گر تو ضعیف جوشنی,saadi
329,330,غبار خط بپوشانید خورشید رخش یا رب,hafez
330,331,کارم چو زلف یار پریشان و درهمست,hafez
331,332,چون دل ببردی دین مبر هوش از من مسکین مبر,saadi
332,333,به ترکستان رویش خال هندو,hafez
333,334,تا به خلوتگه خورشید رسی چرخ زنان,hafez
334,335,بعد از این خرقه صوفی به گرو نستانند,hafez
335,336,ما و دردی کشان مجلس درد,saadi
336,337,جرم بیگانه نباشد که تو خود صورت خویش,saadi
337,338, نوبهار است در آن کوش که خوشدل باشی,hafez
338,339,با همه پادشهی بنده تورانشاهم,saadi
339,340,صاحب نظران لاف محبت نپسندند,saadi
340,341,به سخن باز نمی‌باشد و چشم از نازش,saadi
341,342,با رستم دستان بزند هر که درافتاد,saadi
342,343,گوش کن پند ای پسر وز بهر دنیا غم مخور,hafez
343,344,باک از جفای دشمن و جور رقیب نیست,saadi
344,345,زان گه که عشق دست تطاول دراز کرد,hafez
345,346,زحمت ببرد ز پیش ایوان,saadi
346,347,کس نداند که نهان می‌سوزم,saadi
347,348,جرمش این بود که اسرار هویدا می‌کرد,hafez
348,349,توبه صوفی به زیان آوری,hafez
349,350,خود را لطافتی و جمالی نیافته,saadi
350,351,به زیر دلق ملمع کمندها دارند,hafez
351,352,و آهنگ بازگشت به راه حجاز کرد,hafez
352,353,در حضرت کریم تمنا چه حاجت است,hafez
353,354,که به یک دل دو دوست نتوان داشت,saadi
354,355,وآن شکن برشکن قبائل زلف,saadi
355,356,که حال ما نه چنین بودی ار چنان بودی,saadi
356,357,هر روزش از گریبان سر برنکرد ماهی,saadi
357,358,بینی که چه گرم آتش در سوخته می‌گیرد,saadi
358,359,گر کند انعام او در من مسکین نگاه,saadi
359,360,خلاص بخش خدایا همه اسیران را,hafez
360,361,بسیار دیده‌ایم درختان میوه‌دار,saadi
361,362,پای ما لنگ است و منزل بس دراز,hafez
362,363,نکته‌ها رفت و شکایت کس نکرد,hafez
363,364,گل عزیز است غنیمت شمریدش صحبت,hafez
364,365,که عاشقان ره بی‌همتان به خود ندهند,hafez
365,366,سعدی اگر خون و مال صرف شود در وصال,saadi
366,367,به عاشقان نظری کن به شکر این نعمت,saadi
367,368,ساقیا برخیز و درده جام را,hafez
368,369,همچنان عذرت بباید خواستن تقصیر را,saadi
369,370,رقیبم سرزنش‌ها کرد کز این باب رخ برتاب,hafez
370,371,سعدیا زنده عارفی باشی,saadi
371,372,مردم بیگانه را خاطر نگه دارند خلق,saadi
372,373,گرم ترانه چنگ صبوح نیست چه باک,hafez
373,374,هر عهد که بستم هوسی بود و هوایی,saadi
374,375,گر نه شیرین نمک پراکندی,saadi
375,376, شادی به روزگار گدایان کوی دوست,saadi
376,377,بند پایی که به دست تو بود تاج سر است,saadi
377,378,بیرون نمی‌توان کرد الا به روزگاران,saadi
378,379,چند پوید به هوای تو ز هر سو حافظ,hafez
379,380,صورتی دارد ولی جانیش نیست,saadi
380,381,کارم ز دست رفت و نیامد به دست یار,saadi
381,382,دیگر چو شب نزدیک شد چون زلف در پا می‌برد,saadi
382,383,روان روشن سعدی که شمع مجلس توست,saadi
383,384,باشد که تفرج بکنم دست و کمانت,saadi
384,385,ز بانگ رود و آوای سرودم,hafez
385,386,اهل دل داند که تا زخمی نخورد آهی نکرد,hafez
386,387,شربتی تلختر از زهر فراقت باید,saadi
387,388,زبان کلک تو حافظ چه شکر آن گوید,hafez
388,389,که ره از صومعه تا دیر مغان این همه نیست,hafez
389,390,که در آن کوی چو من کشته بسی افتاده‌ست,saadi
390,391,نباشد بر سر سرو آفتابی,saadi
391,392,گر به شکار آمده‌ست دولت نخجیر او,saadi
392,393,شاهدان گر دلبری زین سان کنند,hafez
393,394,دوش بی روی تو آتش به سرم بر می‌شد,saadi
394,395,تا به هر غمزه‌ای دلی ببری,saadi
395,396,خار بردارم اگر دست به خرما نرسد,saadi
396,397,ور دوست دست می‌دهدت هیچ گو مباش,saadi
397,398,سخن سعدی بشنو که تو خود زیبایی,saadi
398,399,وقت آن آمد که خوش باشد کنار سبزه جوی,saadi
399,400,که آفت‌هاست در تاخیر و طالب را زیان دارد,hafez
400,401,گر دیگران به منظر زیبا نظر کنند,saadi
401,402,روی و ریای خلق به یک سو نهاده‌ایم,saadi
402,403,نچمی که شاخ طوبی به ستیزه برنریزد,hafez
403,404,که مهرش در میان جان و مهرش بر دهان باشد,saadi
404,405,نقش غلط مبین که همان لوح ساده‌ایم,hafez
405,406, وقت‌ها یک دم برآسودی تنم,saadi
406,407,عهد ما با لب شیرین دهنان بست خدا,hafez
407,408,که خوش است عیش مردم به روایح عبیرم,hafez
408,409,ما خوشه چین خرمن اصحاب دولتیم,saadi
409,410, صبح است ساقیا قدحی پرشراب کن,hafez
410,411,مرا رسد که برآرم هزار ناله چو بلبل,saadi
411,412,اگر نه باده غم دل ز یاد ما ببرد,hafez
412,413,گو غنیمت شمار صحبت ما,hafez
413,414,قبای اطلس آن کس که از هنر عاریست,hafez
414,415,مگسی کجا تواند که بیفکند عقابی,saadi
415,416,رندی و هوسناکی در عهد شباب اولی,hafez
416,417,بیا بیا که غلام توام بیا ای دوست,hafez
417,418,زمین به اختر میمون و طالع مسعود,hafez
418,419,کمال سر محبت ببین نه نقص گناه,saadi
419,420,کاین پای لایقست که بر چشم ما رود,saadi
420,421,که بر وی این همه باران شوق می‌بارم,saadi
421,422,فردا که شوم خاک چه سود اشک ندامت,hafez
422,423,ای گوی حسن برده ز خوبان روزگار,saadi
423,424,آن که بی جرم برنجید و به تیغم زد و رفت,hafez
424,425,چون به خلوت می‌روند آن کار دیگر می‌کنند,hafez
425,426,زین معما هیچ دانا در جهان آگاه نیست,hafez
426,427,سعدی از سرزنش خلق نترسد هیهات,saadi
427,428,بازآید و برهاندم از بند ملامت,saadi
428,429,بیار ای لعبت ساقی بگو ای کودک مطرب,hafez
429,430,هر چه زان تلخ‌تر بخواهی گفت,saadi
430,431,نخفته‌ام ز خیالی که می‌پزد دل من,hafez
431,432,خرقه زهد مرا آب خرابات ببرد,hafez
432,433,ندای عشق تو دیشب در اندرون دادند,hafez
433,434,آن عشوه داد عشق که مفتی ز ره برفت,hafez
434,435,ماجرای عشق از اول تا به پایان گفته‌اند,saadi
435,436,گر قلب دلم را ننهد دوست عیاری,saadi
436,437,ما با توایم و با تو نه‌ایم اینت بلعجب,saadi
437,438,لعلست یا لبانت قندست یا دهانت,saadi
438,439,پای سرو بوستانی در گل است,saadi
439,440,نور ز خورشید جوی بو که برآید,hafez
440,441,لطیف جوهر و جانی غریب قامت و شکلی,saadi
441,442,ستاره‌ای بدرخشید و ماه مجلس شد,hafez
442,443,جلوه بخت تو دل می‌برد از شاه و گدا,hafez
443,444,چو عقرب دشمنان داری و من با تو چو میزانم,saadi
444,445, قتل این خسته به شمشیر تو تقدیر نبود,saadi
445,446,بهشتی صورتی در جوف محمل,saadi
446,447,کس رد نتواند کرد آن را که تو بگزینی,saadi
447,448,فتاد و چون من سودازده به سر می‌گشت,saadi
448,449,دل خود دریغ نیست که از دست من برفت,saadi
449,450,پروانه راحت بده ای شمع که امشب,saadi
450,451,جز عهد و وفای تو که محلول نگردد,saadi
451,452,دیده نگه داشتیم تا نرود دل,saadi
452,453,سر درس عشق دارد دل دردمند حافظ,hafez
453,454,برو ای سپر ز پیشم که به جان رسید پیکان,saadi
454,455,یک بارگی جدا ز کلاه و کمر فتاد,saadi
455,456,اگر تسبیح می‌فرمود اگر زنار می‌آورد,hafez
456,457,مغبچه‌ای می‌گذشت راهزن دین و دل,hafez
457,458,مگر کسی که بود در طبیعتش مجبول,saadi
458,459, به خاک پای عزیزت که عهد نشکستم,saadi
459,460,به سمع مردم هشیار در نمی‌گنجد,saadi
460,461,جوهری عقل در بازار حسن,saadi
461,462,سرابستان در این موسم چه بندی,saadi
462,463,بگذار مشک و بوی سر زلف او بیار,hafez
463,464,به تیغ مرگ شود دست من رها ای دوست,saadi
464,465,محراب و کمانچه ز دو ابروی تو سازم,hafez
465,466,گر سر برود در سر سودای ایازم,saadi
466,467, بیا که رایت منصور پادشاه رسید,hafez
467,468,انتبه قبل السحر یا ذالمنام,saadi
468,469,خور ز حکم تو سر نمی‌تابد,saadi
469,470,به صدر مصطبه بنشین و ساغر می‌نوش,hafez
470,471,در راه جام و ساقی مه رو نهاده‌ایم,hafez
471,472,خصم را پای گریز از سر میدان تو نیست,saadi
472,473,چو مستان جامه را بدرید بر تن,saadi
473,474,چون خاک شوم باد به گوشت برساند,saadi
474,475,ما تماشاکنان کوته دست,saadi
475,476,چنانم در دلی حاضر که جان در جسم و خون در رگ,saadi
476,477,ذکر سودای زلیخا پیش یوسف کرده‌اند,saadi
477,478,داعی دولت به هر مقام که هستیم,saadi
478,479,قدر تو نداند آن کز زجر تو بگریزد,saadi
479,480,ز کار و بار جهان گر شهیست عار آید,saadi
480,481,به شکرخنده لبت گفت مزادی طلبیم,hafez
481,482,دل بر نمک لبت کبابی,saadi
482,483,نیک نکردی که نکردی وفا,saadi
483,484,صبا گر چاره داری وقت وقت است,hafez
484,485,که ناز بر فلک و حکم بر ستاره کنم,hafez
485,486,محرم راز دل شیدای خود,hafez
486,487,نخل تناور کند ز دانه خرما,saadi
487,488,چون دوست گرفتی چه غم از دشمن خونخوار؟,saadi
488,489,رضا به حکم قضا اختیار کن سعدی,saadi
489,490,آن که هرگز بر آستانه عشق,saadi
490,491,صد پیرهن قبا کنم از خرمی اگر,hafez
491,492,گفتم نهایتی بود این درد عشق را,saadi
492,493,نیاید هیچ در چشمش به جز خاک سر کویت,saadi
493,494,که گرد بیهده کم گرد و بیشتر می‌گشت,saadi
494,495,هیچ است آن دهان و نبینم از او نشان,saadi
495,496,نماز شام به بام ار کسی نگاه کند,saadi
496,497,بی ماه مهرافروز خود تا بگذرانم روز خود,saadi
497,498,مکن که دست برآرم به ربنا ای دوست,saadi
498,499,در ازل داده‌ست ما را ساقی لعل لبت,hafez
499,500,مردم از قاتل عمدا بگریزند به جان,saadi
500,501,اگر چه موی میانت به چون منی نرسد,saadi
501,502,تشنه لب کردی و گردان را در آب انداختی,hafez
502,503,که روی چون قمرت شمسه‌ایست پرگاری,saadi
503,504,فالی به چشم و گوش در این باب می‌زدم,hafez
504,505,چون نیک بدیدم به حقیقت به از آنی,saadi
505,506,خال سرسبز تو خوش دانه عیشیست ولی,hafez
506,507,سعدی اگر زخم خوری غم مخور,saadi
507,508,بهشت روی من آن لعبت پری رخسار,saadi
508,509,قدمی که برگرفتی به وفا و عهد یاران,saadi
509,510,که کند حافظ از او دیده دل نورانی,hafez
510,511,چه خون که در دلم افتاد همچو جام و نشد,hafez
511,512,صاد قلبی ما تمشی زاد وجدی ما عبر,saadi
512,513,پندارم آن که با تو ندارد تعلقی,saadi
513,514,که من دلشده این ره نه به خود می‌پویم,hafez
514,515,اگر تو بر دل آشفتگان ببخشایی,saadi
515,516,آن چنان وهم در تو حیران است,saadi
516,517,که زهر از کف دست او نوش بود,saadi
517,518,اگر عداوت و جنگ است در میان عرب,saadi
518,519,نزدیک من آن است که هر جرم و خطایی,saadi
519,520,چند شاید به صبر پنهان داشت,saadi
520,521,چنین که از همه سو دام راه می‌بینم,saadi
521,522,تو را که هر خم مویی کمند داناییست,saadi
522,523,این چنین با همه درساخته‌ای یعنی چه,hafez
523,524,سوگند به جانت ار فروشم,saadi
524,525,وین بوالعجبی و چشم بندی,saadi
525,526,ای بادیه هجران تا عشق حرم باشد,saadi
526,527,باشد کز آن میانه یکی کارگر شود,hafez
527,528,آفتابیست که در پیش سحابی دارد,saadi
528,529,در روی زمین دگر نباشد,saadi
529,530,ندیده‌ام مگر این شیوه از پری آموخت,saadi
530,531,کس ندانم که در این شهر گرفتار تو نیست,saadi
531,532,شدم به رغبت خویشش کمین غلام و نشد,hafez
532,533, بی‌دل گمان مبر که نصیحت کند قبول,saadi
533,534,صورت خوب آفرید و سیرت زیبا,saadi
534,535,طوعا و کرها بنده‌ام ناچار فرمان می‌برم,saadi
535,536,من سالخورده پیر خرابات پرورم,hafez
536,537,که می‌برد به افق پرچم سپاه ظلام,saadi
537,538,که بر مجنون رود لیلی طویلست,saadi
538,539,یا جام باده یا قصه کوتاه,hafez
539,540,آدم صفت از روضه رضوان به درآیی,saadi
540,541,هیهات از این خیال محالت که در سر است,saadi
541,542,وصال توست اگر دل را مرادی هست و مطلوبی,saadi
542,543,سر ما و در میخانه که طرف بامش,hafez
543,544,افسر سلطان گل پیدا شد از طرف چمن,hafez
544,545,که پیش چشم بیمارت بمیرم,saadi
545,546, در سرای مغان رفته بود و آب زده,hafez
546,547,کارفرمای قدر می‌کند این من چه کنم,saadi
547,548,کاول نظر به دیدن او دیده ور شدم,saadi
548,549,هر جامه که عیار بپوشد کفن است آن,saadi
549,550,گوش کشیده است از آن گوش به من نمی‌کند,saadi
550,551,ناگهش سیل فنا نقش امل باطل کرد,hafez
551,552,شاهدش دیدار و گفتن فتنه اش ابرو و چشم,saadi
552,553,مصدق دارمت والله اعلم,hafez
553,554,نشاید کرد و آتش زیر سرپوش,saadi
554,555,بی‌حاصلست یارا اوقات زندگانی,saadi
555,556,به هر طریق که باشد اسیر دشمن را,saadi
556,557,خود نه زبان در دهان عارف مدهوش,saadi
557,558,هر که این روی ببیند بدهد پشت گریز,saadi
558,559,که نه قوت گریزست و نه طاقت گزندت,saadi
559,560,هر چند پیر و خسته دل و ناتوان شدم,hafez
560,561,ز ما گر طاعت آید شرمساریم,saadi
561,562,دوشم نوید داد عنایت که حافظا,hafez
562,563,شیرین لبان نه شیر که شکر مزیده‌اند,saadi
563,564,ماه و خورشید به منزل چو به امر تو رسند,hafez
564,565,آوازه درست است که من توبه شکستم,saadi
565,566,ای سخت کمان سست پیمان,saadi
566,567,باغبانان به شب از زحمت بلبل چونند,saadi
567,568,زین در دگر نراند ما را به هیچ بابی,saadi
568,569,گرم قرار نباشد که داغ هجران است,saadi
569,570,چون آدمی طمع نکند در سماحتش,saadi
570,571,قلب رقیق چند بپوشد حدیث عشق,saadi
571,572,سعدی به خفیه خون جگر خورد بارها,saadi
572,573,یک دمه دیدار دوست هر دو جهانش بهاست,saadi
573,574,باور از مات نباشد تو در آیینه نگه کن,saadi
574,575,آیینه‌ای طلب کن تا روی خود ببینی,saadi
575,576,بو که از لوح دلت نقش جهالت برود,hafez
576,577,که مستخلص نمی‌گردد بهاری بی زمستانی,saadi
577,578,پادشاهی کنم ار سایه به من برفکنی,hafez
578,579,پدرم نیز بهشت ابد از دست بهشت,hafez
579,580,چشمی و هزار دانه لولو,hafez
580,581, ز دلبرم که رساند نوازش قلمی,hafez
581,582,که پشه‌ای نبرد سنگ آسیایی را,saadi
582,583,پری رویا چرا پنهان شوی از مردم چشمم,saadi
583,584,ز اثر رنگ و بوی صحبت اوست,hafez
584,585,که علم عشق در دفتر نباشد,saadi
585,586,که سراپای بسوزند من بی سر و پا را,saadi
586,587,دیوار سرایت را نقاش نمی‌باید,saadi
587,588,غلام نرگس مست تو تاجدارانند,hafez
588,589,ساقی به مژدگانی عیش از درم درآی,hafez
589,590,لقد اطعت ولکن حبه آبی,saadi
590,591,مگر به درد دلی بازمانده‌ام یا رب,saadi
591,592,ای که با زلف و رخ یار گذاری شب و روز,hafez
592,593,داور دین شاه شجاع آن که کرد,hafez
593,594,مست است یار و یاد حریفان نمی‌کند,hafez
594,595,تو قلم نیستی که نیشکری,saadi
595,596,در عالم وصفش به جهانی برسیدم,saadi
596,597,باز با دلشدگان ناز و عتابی دارد,hafez
597,598,زهی سوار که صد دل به غمزه‌ای ببری,saadi
598,599,به شرط آن که ز مجلس سخن به در نرود,saadi
599,600,ور با تو بود دوزخ در سلسله آویزم,saadi
600,601,زهر اگر در مذاق من ریزی,saadi
601,602,با صبا همراه بفرست از رخت گلدسته‌ای,hafez
602,603,تن آسوده چه داند که دل خسته چه باشد,saadi
603,604,در آن شمایل مطبوع هیچ نتوان گفت,saadi
604,605,سوز عشقت ننشاند ز جگر جوش مرا,hafez
605,606,تا مگر زنده شوم زآن نفس روحانی,saadi
606,607,وین نباشد مگر آن وقت که رای تو بود,saadi
607,608,ندیده‌اند مگر دلبران بت رو را,saadi
608,609,ساقی به دست باش که غم در کمین ماست,hafez
609,610,وعده از حد بشد و ما نه دو دیدیم و نه یک,hafez
610,611,به زلف گوی که آیین دلبری بگذار,hafez
611,612,میان عیب و هنر پیش دوستان کریم,hafez
612,613, دیر آمدی‌ای نگار سرمست,saadi
613,614,که حکم آسمان این است اگر سازی و گر سوزی,hafez
614,615,تو دوستی کن و از دیده مفکنم زنهار,saadi
615,616,باز بر قامت زیبای تو چالاکترست,saadi
616,617,نام حافظ گر برآید بر زبان کلک دوست,hafez
617,618,ای بسا رخ که به خونابه منقش باشد,hafez
618,619,دوله القی بمن القی بروحی فی الخطر,hafez
619,620,زنهار سعدی از دل سنگین کافرش,saadi
620,621,دانی که چیست دولت دیدار یار دیدن,saadi
621,622,دانند عاقلان که مجانین عشق را,saadi
622,623,تا در این خرقه ندانی که چه نادرویشم,hafez
623,624,گر چه لایق نبود دست من و دامن تو,saadi
624,625,تا دم صبح قیامت نگران خواهد بود,hafez
625,626,مشکل به دست آرد کسی مانند تو شهباز را,saadi
626,627,تو خود ای گوهر یک دانه کجایی آخر,hafez
627,628,که نه این نوبت نخستینست,saadi
628,629,غبار راه طلب کیمیای بهروزیست,hafez
629,630,باری غرور از سر بنه و انصاف درد من بده,saadi
630,631,چو مور افتان و خیزان رفت باید,saadi
631,632,هر گه که گویم این دل ریشم درست شد,saadi
632,633,بار یاران بکش که دامن گل,saadi
633,634,صوفی نظر نبازد جز با چنین حریفی,saadi
634,635,سواد نامه موی سیاه چون طی شد,hafez
635,636,که بر گلبن گل سوری چنین زیبا نمی‌باشد,saadi
636,637,چاره ما هیچ نیست جز سپر انداختن,saadi
637,638, آخر ای سنگ دل سیم زنخدان تا چند,saadi
638,639,کاندر ازلم حرز تو بستند به بازوی,saadi
639,640,تکیه بر عهد تو و باد صبا نتوان کرد,hafez
640,641,که نه با تیر و کمان در پی او تاخته‌ای,saadi
641,642,مرا خیال کسی کز خیال بیرونست,saadi
642,643,چندان که تو می‌خوری ندیدم,saadi
643,644,مگر شمایل قد نگار من دارد,saadi
644,645,در همه شهر فراهم ننشست انجمنی,saadi
645,646,سعدیا بی وجود صحبت یار,saadi
646,647,مطربا مجلس انس است غزل خوان و سرود,hafez
647,648,اگر چه در پی ام افتند هر دم انجمنی,hafez
648,649,بو که صاحب نظری نام تماشا ببرد,saadi
649,650,وان ستمگر عزم هجران می‌کند,hafez
650,651,واجب کند که صبر کنی بر جراحتش,saadi
651,652,که ساقیان کمان ابرویت زنند به تیر,saadi
652,653,برای وصل گل آمد برون ز بیت حزن,hafez
653,654,سرمست درآمد از خرابات,saadi
654,655,که موسم طرب و عیش و ناز و نوش آمد,hafez
655,656,که با شکردهنان خوش بود سؤال و جواب,hafez
656,657,علی‌الخصوص که از دست یار زیباخوست,saadi
657,658,تو هم بازآمدی ناچار و ناکام,saadi
658,659,دمی با دوست در خلوت به از صد سال در عشرت,hafez
659,660,من جرب المجرب حلت به الندامه,hafez
660,661,خنک آن روز که در پای تو جان اندازم,saadi
661,662,هر چه کوته نظرانند بر ایشان پیمای,saadi
662,663, واعظان کاین جلوه در محراب و منبر می‌کنند,hafez
663,664,لیکن این حال محال است که پنهان ماند,saadi
664,665,بلا بگردد و کام هزارساله برآید,hafez
665,666,ای که ملامت کنی عارف دیوانه را,saadi
666,667,چو به منتها رسد گل برود قرار بلبل,saadi
667,668,سیمرغ ما چه لایق زاغ آشیان توست,hafez
668,669,مردم زیر زمین رفتن او پندارند,saadi
669,670,ای دل به هرزه دانش و عمرت به باد رفت,hafez
670,671,عمر من است زلف تو بو که دراز بینمش,hafez
671,672,ز من حکایت هجران مپرس در شب وصل,saadi
672,673,و از انتصاف آصف جم اقتدار هم,hafez
673,674,هم با تو گر ز دست تو دارم شکایتی,saadi
674,675,که بی رخ تو فروغ از چراغ دیده ندیدم,hafez
675,676, دلا بسوز که سوز تو کارها بکند,hafez
676,677,چون بخت نیک انجام را با ما به کلی صلح شد,saadi
677,678,بدان شمع خلوتگه پارسایی,hafez
678,679,در خرقه چو آتش زدی ای عارف سالک,hafez
679,680,نقش خیالی می‌کشم فال دوامی می‌زنم,hafez
680,681,ای که با سلسله زلف دراز آمده‌ای,hafez
681,682,ای خیال ار شبی از رهگذرم برخیزی,saadi
682,683,عشق و سودا و هوس در سر بماند,saadi
683,684,همیشه تا که بود متصل مسا و صباح,hafez
684,685,بیا بیا صنما کز سر پریشانی,saadi
685,686,تو به حال من مسکین به جفا می‌نگری,saadi
686,687,عمر به نقد می‌رود در سر گفت و گوی او,saadi
687,688,همی‌گفت این معما با قرینی,hafez
688,689,ساکن شود بدیدم و مشتاق‌تر شدم,saadi
689,690,ساقیان لاابالی در طواف,hafez
690,691,می دوساله و محبوب چارده ساله,hafez
691,692,می‌گشتم اندر آن چمن و باغ دم به دم,hafez
692,693,قصّةُ العشقِ لا انفصام لها,saadi
693,694,در عهد موسی می‌کند آواز گاو سامری,saadi
694,695,به دوستی که اگر زهر باشد از دستت,saadi
695,696,سیر نمی‌شود نظر بس که لطیف منظری,saadi
696,697, معلمت همه شوخی و دلبری آموخت,saadi
697,698,به دو چشم تو که گر بی تو برندم به بهشت,saadi
698,699,مدعیم گر نکنم جان نثار,saadi
699,700,تا با درخت گل بنشینم به بوی دوست,saadi
700,701,ور ببندی سر به در بر می‌زند,saadi
701,702,با طبیب نامحرم حال درد پنهانی,hafez
702,703,گر شما را نه بس این سود و زیان ما را بس,hafez
703,704,خاطرت کی رقم فیض پذیرد هیهات,hafez
704,705,کانجا که ارادت بود انکار نباشد,saadi
705,706, چه جرم رفت که با ما سخن نمی‌گویی,saadi
706,707,چه کنم پای بند احسانم,saadi
707,708,نظر به صفحه اول مکن که تو بر توست,saadi
708,709,زان جان و دلم همی فکار است,saadi
709,710,معاف دوست بدارند قتل عمدا را,saadi
710,711,باز کردند بامداد دری,saadi
711,712,تا وقت جان سپردنم اندر نظر بود,saadi
712,713,دلبری برگزیده‌ام که مپرس,hafez
713,714,ز من چو باد صبا بوی خود دریغ مدار,hafez
714,715,من با همه جوری از تو خشنودم,saadi
715,716,بر سر خوان لبت دست چو من درویشی,saadi
716,717,صفت یوسف نادیده بیان می‌کردند,saadi
717,718,مذاق حرص و آز ای دل بشو از تلخ و از شورش,saadi
718,719,به بام قصر برآ و چراغ مه برکن,hafez
719,720,خوشا کسی که در این راه بی‌حجاب رود,hafez
720,721, پای سرو بوستانی در گلست,saadi
721,722,تا در آن آب و هوا نشو و نمایی بکنیم,hafez
722,723,بزه کردی و نکردند مؤذنان ثوابی,saadi
723,724,اگر چه روی چو ماهت ندیده‌ام به تمامی,saadi
724,725,ایمنی از خروش من گر به جهان دراوفتد,saadi
725,726,به هیچ عارضه شخص تو دردمند مباد,hafez
726,727,چون نیفتد سخن در افواهم,saadi
727,728,شکنج گیسوی سنبل ببین به روی سمن,hafez
728,729,چرا که شیوه آن ترک دل سیه دانست,hafez
729,730,خفته بر سنجاب شاهی نازنینی را چه غم,saadi
730,731,دم عیسیست پنداری نسیم باد نوروزی,hafez
731,732,صلاح ما همه دام ره است و من زین بحث,hafez
732,733,شیرین بضاعت بر مگس چندان که تندی می‌کند,saadi
733,734,که نه تنها منم ربوده عشق,saadi
734,735,مگر آنست که با دوست به پایان آرند,saadi
735,736,سرو بین کاهنگ صحرا می‌کند,saadi
736,737,ز عقل اندیشه‌ها زاید که مردم را بفرساید,saadi
737,738,حاصل آن است که چون طبل تهی پربادم,saadi
738,739,کیست آن کش سر پیوند تو در خاطر نیست,saadi
739,740,خفتگان را خبر از محنت بیداران نیست,saadi
740,741,زمام خاطر بی‌اختیار من دارد,saadi
741,742,زاهدان معذور داریدم که اینم مذهب است,hafez
742,743,نتوانم که حکایت کنم الا به حضور,saadi
743,744,حدیث عقل در ایام پادشاهی عشق,saadi
744,745,روی تو بازار آفتاب شکسته‌ست,saadi
745,746,چو زر عزیز وجود است نظم من آری,hafez
746,747,این بار پرده از سر اسرار برگرفت,saadi
747,748,به اختیارت اگر صد هزار تیر جفاست,saadi
748,749,دست از طلب ندارم تا کام من برآید,saadi
749,750,به بوی زلف و رخت می‌روند و می‌آیند,hafez
750,751,دلارامی بدین خوبی دریغ ار مهربانستی,hafez
751,752,تا ندیدی گدای بازارش,saadi
752,753,دیده فتح ابد عاشق جولان تو باد,hafez
753,754,شاهد ما را نه هر چشمی چنان بیند که هست,saadi
754,755,مرا تا نقره باشد می‌فشانم,saadi
755,756,حافظ اندیشه کن از نازکی خاطر یار,hafez
756,757,شراب سلسبیل از چشمه نوش,hafez
757,758,صید بیابان عشق چون بخورد تیر او,saadi
758,759,کاش باری باغ و بستان را که تحسین می‌کنند,saadi
759,760,در بند تو افتادم و از جمله برستم,saadi
760,761,به که دیدن میان اغیارش,saadi
761,762,وین عجب کان وقت می‌گریم که کس بیدار نیست,saadi
762,763,من که باشم در آن حرم که صبا,hafez
763,764,چون رفت نیاید به کمند آن دم و ساعت,saadi
764,765,زان سوی بحر آتش اگر خوانیم به لطف,hafez
765,766,من گرفتار کمندم تو چه دانی که سواری,saadi
766,767,چون بر او باد صبایی می‌زند,saadi
767,768,چرا که حافظ از این راه رفت و مفلس شد,hafez
768,769,صورت سنگین دلی کشنده سعدیست,saadi
769,770,صوفی مجلس که دی جام و قدح می‌شکست,hafez
770,771,آنست آدمی که در او حسن سیرتی,saadi
771,772,هر چه خواهی کن که ما را با تو روی جنگ نیست,saadi
772,773,گویی چه شد کان سروبن با ما نمی‌گوید سخن,saadi
773,774,تا غباری ننشیند به دل خرم دوست,saadi
774,775,پرده بردار ای بهار و لاله و نسرین من,hafez
775,776,که باری من ندیدستم چنین گل در گلستانی,saadi
776,777,می‌نگفتم سخن در آتش عشق,saadi
777,778,از آن خوش است که امید رحمت فرداست,hafez
778,779,دیوان حساب و عرض منشور,hafez
779,780,آدمی در عالم خاکی نمی‌آید به دست,saadi
780,781,فریاد سعدی از دل نامهربان دوست,saadi
781,782,گرت معاونتی دست می‌دهد دریاب,hafez
782,783,گر باز کنند از شکن زلف تو تابی,saadi
783,784,گوشوار زر و لعل ار چه گران دارد گوش,hafez
784,785,تو بدین چشم مست و پیشانی,saadi
785,786, دولت جان پرورست صحبت آموزگار,hafez
786,787,که هیچ خلق نبینی به حسن و منظر خویش,saadi
787,788,درخت دوستی بنشان که کام دل به بار آرد,saadi
788,789,گفتم از آسیب عشق روی به عالم نهم,saadi
789,790,طرفه مدار اگر ز دل نعره بیخودی زنم,hafez
790,791, دریچه‌ای ز بهشتش به روی بگشایی,saadi
791,792,کار ما همچو سحر با نفسی افتاده‌ست,saadi
792,793,زین گلبنان هنوز مگر گل نچیده‌اند,saadi
793,794,هر ساعتی این فتنه نوخاسته از جای,saadi
794,795,فتنه انگیزی و خون ریزی و خلقی نگرانت,saadi
795,796,چراغ چون تو نباشد به هیچ خانه ولیکن,saadi
796,797,خیز و در کاسه زر آب طربناک انداز,hafez
797,798,زاهد بنگر نشسته دلتنگ,hafez
798,799,بتا چون غمزه‌ات ناوک فشاند,hafez
799,800,ای همه شکل تو مطبوع و همه جای تو خوش,saadi
800,801,امثال تو از صحبت ما ننگ ندارند,saadi
801,802,حق را به روزگار تو با ما عنایتی,saadi
802,803,حکمش رسد ولیکن حدی بود جفا را,saadi
803,804,بی دلی در همه احوال خدا با او بود,hafez
804,805,گونهٔ زردش دلیل ناله زارش گواست,hafez
805,806,نتواند که کند دعوی همبالایی,saadi
806,807, شکست عهد مودت نگار دلبندم,saadi
807,808,گلبن عیش می‌دمد ساقی گلعذار کو,hafez
808,809,نوبهار است در آن کوش که خوشدل باشی,hafez
809,810,من از تو روی نپیچم که شرط عشق آن است,saadi
810,811,من همی‌کردم دعا و صبح صادق می‌دمید,hafez
811,812,ز بانگ ناله من گوش چرخ کر می‌گشت,saadi
812,813,بریده‌اند لطافت چو جامه بر بدنش,saadi
813,814,فلا تفرد عن روضها انین حمامی,hafez
814,815,سیاه نامه‌تر از خود کسی نمی‌بینم,saadi
815,816,دریا در و مرجان بود و هول و مخافت,hafez
816,817, کس درنیامدست بدین خوبی از دری,saadi
817,818,میان عاشق و معشوق هیچ حائل نیست,saadi
818,819,آن که فکرش گره از کار جهان بگشاید,hafez
819,820,درخت ارغوان روید به جای هر مغیلانی,saadi
820,821,ای خواجه درد نیست وگرنه طبیب هست,hafez
821,822,محتسب گو تا ببیند روی دوست,saadi
822,823,ور شکایت کنم از دست تو پیش که برم,saadi
823,824,هرک اوفتاد مست محبت ز جام دوست,saadi
824,825,خطا نگر که دل امید در وفای تو بست,saadi
825,826,ورت خجالت سرو آرزو کند بخرام,saadi
826,827,آن سیل که دوش تا کمر بود,hafez
827,828,شاید که چو وابینی خیر تو در این باشد,hafez
828,829,چه دشمنی تو که از عشق دست و شمشیرت,saadi
829,830,به خواب دوش چنان دیدمی که زلفینش,saadi
830,831,که رفت عمر و هنوزم دماغ پر ز هواست,hafez
831,832,دور از لب مردمان دون باد,hafez
832,833,یکی درخت گل اندر فضای خلوت ماست,saadi
833,834,به صفای دل رندان صبوحی زدگان,hafez
834,835,چو برشکست صبا زلف عنبرافشانش,hafez
835,836,فتاد در سر حافظ هوای میخانه,hafez
836,837,الا ای ترک آتشروی ساقی,saadi
837,838,دانم که بگذرد ز سر جرم من که او,saadi
838,839,چو تلخ عیشی من بشنوی به خنده درآی,saadi
839,840,یک امشبی که در آغوش شاهد شکرم,saadi
840,841,دلا دلالت خیرت کنم به راه نجات,hafez
841,842,دمی با همدمی خرم ز جانم بر نمی‌آید,saadi
842,843,به ترک عشق تو گفتن نه طبع موزونست,saadi
843,844,چنگ بنواز و بساز ار نبود عود چه باک,hafez
844,845, ای آفتاب آینه دار جمال تو,hafez
845,846,حیرت عشاق را عیب کند بی بصر,saadi
846,847,بروید چون تو سروی بر لب جوی,saadi
847,848,کشتی عمرم شکسته‌ست از غمش,hafez
848,849,بسا هوشمندا که در کوی عشق,hafez
849,850,که هر که بی‌هنر افتد نظر به عیب کند,saadi
850,851,که زیارتگه رندان جهان خواهد بود,hafez
851,852,ز آهنین چنگال شاهین غمت,saadi
852,853,پیش خصم ایستاده چون سپری,saadi
853,854,دامن دوست به دنیا نتوان داد از دست,saadi
854,855,دستی به کام دل ز سپهر دغا که برد,hafez
855,856,مگر در آینه بینی و گر نه در آفاق,saadi
856,857,سعدیا گفتار شیرین پیش آن کام و دهان,saadi
857,858,پاکبازان بر شمشیر تو عمدا آیند,saadi
858,859,گر بکشم زهی طرب ور بکشد زهی شرف,saadi
859,860,ز ورد نیم شب و درس صبحگاه رسید,hafez
860,861,جفای عشق تو بر عقل من همان مثل است,saadi
861,862,کاشکی خاک بودمی در راه,saadi
862,863,به تیغ هندی دشمن قتال می‌نکند,saadi
863,864,صحبت حور نخواهم که بود عین قصور,hafez
864,865,این زمان سر به ره آرم چه حکایت باشد,hafez
865,866,عیش‌ها دارم در این آتش که بینی دم به دم,saadi
866,867,ببند یک نفس ای آسمان دریچه صبح,saadi
867,868,همواره مرا کوی خرابات مقام است,hafez
868,869,نه بی او می‌توان بودن نه با او می‌توان گفتن,saadi
869,870,گر ز پیش خود برانی چون سگ از مسجد مرا,saadi
870,871,به زان که خرقه بر سر زنار می‌کنم,hafez
871,872,گر به خون تشنه‌ای اینک من و سر باکی نیست,saadi
872,873,آن گه بگویمت که دو پیمانه درکشم,hafez
873,874,نثار خاک رهت نقد جان من هر چند,hafez
874,875,به قهر اگر بستیزد هزار تن بکشد,saadi
875,876,بند بر پای توقف چه کند گر نکند,saadi
876,877,تو از غرور جوانی همیشه در خوابی,hafez
877,878,وز تو بخشایش تو می‌خواهم,saadi
878,879,یا دل از چنبر عشق تو به من وانرسد,saadi
879,880,چراغ دولتش نوری ندارد,saadi
880,881,هر ناله و فریاد که کردم نشنیدی,saadi
881,882,طمع در آن لب شیرین نکردنم اولی,hafez
882,883,چون نرود بنده‌وار هر که برندش اسیر,saadi
883,884,بس غریب افتاده است آن مور خط گرد رخت,hafez
884,885,که ندانم به خویشتن پرداخت,saadi
885,886,عمری که بی حضور صراحی و جام رفت,hafez
886,887,یا ببندد خون از این موضع که سوزن می‌بری,saadi
887,888,در راه عشق وسوسه اهرمن بسیست,hafez
888,889,گواهی می‌دهد صورت بر اخلاقش به زیبایی,saadi
889,890,بلای عشق تو بنیاد زهد و بیخ ورع,hafez
890,891,پیغام دوستان برسانی بدان پری,saadi
891,892,همه عالم صنم چین به حکایت گویند,saadi
892,893,که بر دل است ندانم کدام برگیرم,saadi
893,894,من از کمند تو اول چو وحش می‌برمیدم,saadi
894,895,دیده بردوختی از خلق جهان چون بازم,saadi
895,896,اعتقادی بنما و بگذر بهر خدا,hafez
896,897,نفس باد صبا مشک فشان خواهد شد,hafez
897,898,ساقی چمن گل را بی روی تو رنگی نیست,hafez
898,899,گل بخندید که از راست نرنجیم ولی,hafez
899,900,گر آن شیرین پسر خونم بریزد,saadi
900,901,که هم نادیده می‌بینی و هم ننوشته می‌خوانی,hafez
901,902,هر که روی یاسمین و جعد سنبل بایدش,hafez
902,903,گر واسطه سخن نبودی,saadi
903,904,زنهار نگویی این نه نیکوست,saadi
904,905,گرگ دهن آلوده یوسف ندریده,saadi
905,906,تو پادشاه کجا یاد پاسبان آری,hafez
906,907,شمع من روز نیامد که شبم بفروزی,saadi
907,908,قیمت وصل نداند مگر آزرده هجر,saadi
908,909,بنشین که به خاطر بگرفتست نشانت,saadi
909,910,فرخنده آن کسی که به سمع رضا شنید,saadi
910,911,وز پی دیدن او دادن جان کار من است,saadi
911,912,حذر کنید ز باران دیده سعدی,saadi
912,913,دلم در بند تنهایی بفرسود,saadi
913,914,دست طلب داشتن ز دامن معشوق,saadi
914,915,که مکدر شود آیینه مهرآیینم,hafez
915,916,حق نگه دار که من می‌روم الله معک,hafez
916,917,سیرتی چون صورت مستحسنت,saadi
917,918, ای سروبالای سهی کز صورت حال آگهی,saadi
918,919, چشم خدا بر تو ای بدیع شمایل,saadi
919,920,ره ندیدم چو برفت از نظرم صورت دوست,saadi
920,921, دو چشم مست تو کز خواب صبح برخیزند,saadi
921,922,خرم تن او که چون روانش,saadi
922,923,آتشی بر سرم از داغ جدایی می‌رفت,saadi
923,924,نرسیدی بگرد جولانت,saadi
924,925,راز سربسته ما بین که به دستان گفتند,hafez
925,926,بجز پیشت نخواهم سر نهادن,saadi
926,927,پس چه فرق از ناطقی تا جامدی,saadi
927,928,تویی که بر سر خوبان کشوری چون تاج,saadi
928,929,من و انکار شراب این چه حکایت باشد,hafez
929,930,ای رقیب این همه سودا مکن و جنگ مجوی,hafez
930,931,مرا به علت بیگانگی ز خویش مران,saadi
931,932,عمریست پادشاها کز می تهیست جامم,hafez
932,933, دست با سرو روان چون نرسد در گردن,saadi
933,934,به ناز اگر بخرامی جهان خراب کنی,hafez
934,935,می خور که صد گناه ز اغیار در حجاب,hafez
935,936,که زاد این صورت منظور محبوب,saadi
936,937,به راه میکده حافظ خوش از جهان رفتی,hafez
937,938,پس از چندین تحمل‌ها که زیر بار غم کردی,saadi
938,939,گو بیامرز که من حامل اوزار تو باشم,saadi
939,940,یا بگریزم به چه مردانگی,saadi
940,941,چشم بد را گفتم الحمدی بدم پیرامنش,saadi
941,942,الا که بریزد استخوانم,saadi
942,943,نه ممکن است که مثل نگار ما باشد,saadi
943,944,نتوان مرد به سختی که من این جا زادم,saadi
944,945,چو نسرین صد گل آرد بار و چون بلبل هزار آرد,hafez
945,946,همه در سایه گیسوی نگار آخر شد,hafez
946,947,ربیع العمر فی مرعی حماکم,saadi
947,948,سبز است در و دشت بیا تا نگذاریم,hafez
948,949,گر منش دوست ندارم همه کس دارد دوست,saadi
949,950,برقی از منزل لیلی بدرخشید سحر,hafez
950,951,با طبع ملولت چه کند دل که نسازد,saadi
951,952,آن گاه توبه استغفرالله,hafez
952,953,سروقدی میان انجمنی,saadi
953,954,نه مرا طاقت غربت نه تو را خاطر قربت,saadi
954,955,باخبر از درد من الا خبیر,saadi
955,956,وان که با یار هودجش نظر است,saadi
956,957,آمد به گوش ناگهم آواز بلبلی,hafez
957,958,خورشید اگر تو روی نپوشی فرو رود,saadi
958,959,چو ذکر خیر طلب می‌کنی سخن این است,hafez
959,960,گفت خود دادی به ما دل حافظا,hafez
960,961,مداد نیست کز او می‌رود زلال است این,saadi
961,962,شعری بخوان که با او رطل گران توان زد,hafez
962,963,ما نیز در رقص آوریم آن سرو سیم اندام را,saadi
963,964,از بس که دیر ماندی چون شام روزه داران,saadi
964,965,راحت جان باشد از آن قبضه تیغ,saadi
965,966,پیل اگر دربند می‌افتد مسخر می‌شود,saadi
966,967,که هشیاران نیاویزند با مست,saadi
967,968,این قدر هست که گه گه قدحی می نوشم,hafez
968,969,انگار که خاک آستانم,saadi
969,970,آفتاب آسا کند در شب تجلی روی تو,saadi
970,971,دست رنج تو همان به که شود صرف به کام,saadi
971,972,در گلستان ارم دوش چو از لطف هوا,hafez
972,973,اگر نه عقل به مستی فروکشد لنگر,saadi
973,974,گر مطیع خدمتت را کفر فرمایی بگوید,saadi
974,975,گر ملامت می‌کنندم ور قیامت می‌شود,saadi
975,976,که گر هلاک شوی منتی پذیر از دوست,saadi
976,977,من در پناه لطف تو خواهم گریختن,saadi
977,978,تا بدیدم ز سنگ سختتری,saadi
978,979,چون از این غصه ننالیم و چرا نخروشیم,hafez
979,980,سعدی شیرین زبان این همه شور از کجا,saadi
980,981,مرا مپرس که چونی به هر صفت که تو خواهی,saadi
981,982, خلاف سرو را روزی خرامان سوی بستان آی,saadi
982,983,رفتن آسان بود ار واقف منزل باشی,hafez
983,984,اگر روم ز پی اش فتنه‌ها برانگیزد,hafez
984,985,غافل از صوفیان شاهدباز,hafez
985,986,گر سرو بوستانت بیند که می‌خرامی,saadi
986,987,سیمرغ چه می‌کند به عصفور,saadi
987,988,لیکن چه توان کرد که قوت نتوان کرد,saadi
988,989,گویی دو چشم جادوی عابدفریب او,saadi
989,990,می‌روی و مقابلی غایب و در تصوری,saadi
990,991,سعدیا چاره ثباتست و مدارا و تحمل,saadi
991,992,تا به بستان ضمیرت گل معنی بشکفت,saadi
992,993,دگر چه چاره که با زورمند برنایند,saadi
993,994,با بلبلان بی‌دل شیدا مکن غرور,saadi
994,995, دل من در هوای روی فرخ,hafez
995,996,تو با این لطف طبع و دلربایی,saadi
996,997,در این سخن که بخواهند برد دست به دست,saadi
997,998,جان به هوای کوی او خدمت تن نمی‌کند,saadi
998,999, مجلس ما دگر امروز به بستان ماند,saadi
999,1000,پندش مده که جهل در او نیک محکمست,saadi
1000,1001,آن غالیه خط گر سوی ما نامه نوشتی,hafez
1001,1002,محمل بدار ای ساروان تندی مکن با کاروان,saadi
1002,1003,ما حسبت الان الا قد هجم,saadi
1003,1004,چل سال رنج و غصه کشیدیم و عاقبت,hafez
1004,1005,صنم ماست که در هر خم زلفش چینیست,hafez
1005,1006,برگ چشمم می‌نخوشد در زمستان فراقت,saadi
1006,1007,من با کسی افتاده‌ام کز وی نپردازم به کس,saadi
1007,1008,دامن گوهر بیار بر سر مجلس ببار,hafez
1008,1009,نظیر دوست ندیدم اگر چه از مه و مهر,saadi
1009,1010,کوه بنالد به زبان صدا,saadi
1010,1011,بدر تمام روزی در آفتاب رویت,saadi
1011,1012,اسیر خویش گرفتی بکش چنان که تو دانی,saadi
1012,1013,مسند به گلستان بر تا شاهد و ساقی را,hafez
1013,1014,نوبه زهدفروشان گران جان بگذشت,hafez
1014,1015,مزن ز چون و چرا دم که بنده مقبل,hafez
1015,1016,گرت اندیشه می‌باشد ز بدگویان بی معنی,saadi
1016,1017,مهل که روز وفاتم به خاک بسپارند,hafez
1017,1018, صید بیابان عشق چون بخورد تیر او,saadi
1018,1019,ور کسی گفت مگر هم تو زبانش باشی,saadi
1019,1020,شبی خوش هر که می‌خواهد که با جانان به روز آرد,saadi
1020,1021,لبان لعل چون خون کبوتر,saadi
1021,1022,درازنای شب از چشم دردمندان پرس,saadi
1022,1023,صد بار توبه کرد و دگربار می‌کند,saadi
1023,1024,یا لیت شعری حتام القاه,hafez
1024,1025,گو به شیراز آی و خاک من ببوی,saadi
1025,1026,یک بار بگو که کشتهٔ ماست,hafez
1026,1027,که ما را دور کرد از دوستداران,hafez
1027,1028, ز در درآ و شبستان ما منور کن,hafez
1028,1029,ملامت من مسکین کسی کند که نداند,saadi
1029,1030,گر از حدیث تو کوته کنم زبان امید,saadi
1030,1031, یاد باد آن که ز ما وقت سفر یاد نکرد,hafez
1031,1032,که سرفرازی عالم در این کله دانست,hafez
1032,1033,عیدست و آنک ابروی همچون هلال دوست,saadi
1033,1034,کز رقت اندرون ضعیفم چو جام شد,hafez
1034,1035,سهل است تلخی می در جنب ذوق مستی,hafez
1035,1036,همخانه من باشی و همسایه نداند,saadi
1036,1037,ای محتسب از جوان چه خواهی,hafez
1037,1038,که بی وجود شریفت جهان نمی‌بینم,saadi
1038,1039,تهمتی بر شب روان خیل خواب انداختی,hafez
1039,1040,در روی خود تفرج صنع خدای کن,saadi
1040,1041,هر که هوا گرفت و رفت از پی آرزوی دل,saadi
1041,1042,کز منطق آن شکرفشان است,saadi
1042,1043,هر که درمان می‌پذیرد یا نصیحت می‌نیوشد,saadi
1043,1044,خود شرم نمی‌آیدش از ننگ بضاعت,saadi
1044,1045,کی روی ره ز که پرسی چه کنی چون باشی,hafez
1045,1046,لیکن این هست که این نسخه سقیم افتادست,hafez
1046,1047,مرغ عاشق بریده پر باشد,saadi
1047,1048,ای برادر غم عشق آتش نمرود انگار,saadi
1048,1049,تنش درست و دلش شاد باد و خاطر خوش,hafez
1049,1050,مسند خواجگی و مجلس تورانشاهی,hafez
1050,1051,فی الجمله می‌کنی و فرو می‌گذارمت,saadi
1051,1052,پاره گرداند زلیخای صبا,hafez
1052,1053,در دولت خاقان نتوان کرد خلافت,hafez
1053,1054,که بگرفت این شب یلدا ملال از ماه و پروینم,saadi
1054,1055,که عجب دارم اگر تخته به ساحل برود,saadi
1055,1056,بر رخ او نظر از آینه پاک انداز,hafez
1056,1057,اگر چه هر چه جهانت به دل خریدارند,saadi
1057,1058,آن کس که به دست جام دارد,hafez
1058,1059,دعای صبح و آه شب کلید گنج مقصود است,hafez
1059,1060,ور چو پروانه دهد دست فراغ بالی,saadi
1060,1061,که مونس دم صبحم دعای دولت توست,hafez
1061,1062,ما و چراغ چشم و ره انتظار دوست,hafez
1062,1063,یار دیرینه ببینید که با یار چه کرد,hafez
1063,1064,شاهد ما آیتیست وین همه تفسیر او,saadi
1064,1065,گاه گویم که بنالم ز پریشانی حالم,saadi
1065,1066,باشد که گذر باشد یک روز بر آن خاکت,saadi
1066,1067,شرممان باد ز پشمینه آلوده خویش,hafez
1067,1068,چو خود بیاید عذرش بباید آوردن,saadi
1068,1069,به فیض جرعه جام تو تشنه‌ایم ولی,hafez
1069,1070,که نه کاریست شکیبایی و اندهناکی,saadi
1070,1071,اگر خاک وی اندر دیده مالی,saadi
1071,1072,یا رب این آتش که در جان من است,saadi
1072,1073,عزم سبک عنان تو در جنبش آورد,hafez
1073,1074,یا گناهیست که اول من مسکین کردم,saadi
1074,1075,امشب سبکتر می‌زنند این طبل بی‌هنگام را,saadi
1075,1076,کس ندیدست آدمیزاد از تو شیرین‌تر سخن,saadi
1076,1077,نگاه دار سر رشته تا نگه دارد,hafez
1077,1078,دلت نسوخت که مسکین امیدوار منست,saadi
1078,1079,عوام خلق ملامت کنند صوفی را,saadi
1079,1080,که التفات کند کمترین گدایی را,saadi
1080,1081,اگر چه مالک رقی و پادشاه به حقی,saadi
1081,1082,پرده پرهیزکنان می‌دری,saadi
